metric,correlation_with_adoption
productivity_gain,0.9527560614195769
ai_maturity_score,0.9427430979211173
employee_ai_training_hours,0.9325411215120539
automation_rate,0.9306147617159578
deployment_count,0.8965016719829721
roi_proxy,0.537283582301218
cost_savings,0.5114617899070903
ai_investment_usd,0.5007577710574789
total_financial_impact,0.49973314890100656
revenue_impact,0.4342874737581876
