company_scale_proxy,records,unique_companies,avg_adoption,avg_maturity,avg_productivity_gain,avg_training_hours,avg_automation_rate,avg_deployment_count,avg_investment,avg_cost_savings,avg_revenue_impact,avg_total_financial_impact,avg_roi_proxy,advanced_share,negative_revenue_share
Enterprise,47380,7980,0.8326621443647108,8.758014563106796,0.6172031089067117,121.95986492190798,0.6769666547066273,42.99337273111017,7125316.804094555,3759836.7269945126,4918985.2169691855,8678821.943963697,1.1296769504696347,0.9173913043478261,0.01344449134655973
Expanded,50073,7979,0.63067676392467,7.1254570327322115,0.4699507958380764,91.32837457312324,0.517794078645178,30.820282387713938,5567252.03009606,2490492.799273061,3041996.2376130847,5532489.036886146,0.9144780162300802,0.43899906137039924,0.028718071615441456
Scaling,50287,7985,0.44568667249985083,5.5788291208463425,0.3356531906854654,64.4409668502794,0.37226918487879573,20.817248990792848,4273833.388350866,1603033.659156442,1811124.9288086384,3414158.5879650805,0.722992794343317,0.05500427545886611,0.04279436037146778
Focused,52260,7987,0.23174871029468044,3.8666249521622658,0.1799748239571374,33.658243398392656,0.20325347493302715,12.25302334481439,2733006.2589169536,809879.6552621508,802495.222847302,1612374.8781094528,0.5074695939527136,0.0007845388442403368,0.06148105625717566
