region,records,unique_companies,avg_adoption,avg_maturity,avg_productivity_gain,avg_training_hours,avg_automation_rate,avg_deployment_count,avg_investment,avg_cost_savings,avg_revenue_impact,avg_total_financial_impact,avg_roi_proxy,advanced_share,negative_revenue_share
North America,60194,7997,0.544145130743928,6.550477290095358,0.4120975396218892,89.44333488387547,0.4530553045154002,27.369604944014352,5866100.7619862445,2596527.065438416,3147640.435658039,5744167.501096454,0.8274048940142055,0.36289331162574345,0.03521945708874639
Europe,48014,7983,0.5243871287541133,6.2446455200566495,0.39241667638605404,75.74766318157204,0.4336515974507435,26.188340900570665,4629822.065085184,2013181.6033032031,2463869.1806139876,4477050.7839171905,0.8081223027019956,0.338109717998917,0.038259674261673676
Asia-Pacific,81893,8000,0.522215696091241,6.16276201873176,0.38918125725031444,71.44181065536738,0.43096877999340605,25.965784621396214,4524071.472677763,1967041.3098921764,2395509.623496514,4362550.93338869,0.8056386814606379,0.33319087101461664,0.03774437375599868
Middle East,1968,1729,0.503554319105691,5.795492886178862,0.36760518292682925,54.43866869918699,0.4099587398373984,24.702235772357724,3723832.4644308942,1597924.036585366,1985692.56300813,3583616.599593496,0.790250516947685,0.3196138211382114,0.03556910569105691
South America,7931,5033,0.4874344723237927,5.565212457445467,0.3552445467154205,46.96090026478376,0.39740590089522126,23.647333249274997,2634353.1042743665,1083809.6446854116,1329623.1299962173,2413432.774681629,0.7634441128000917,0.28520993569537256,0.04060017652250662
